{
    "name": "root",
    "gauges": {
        "SpaceY.Policy.Entropy.mean": {
            "value": 0.5634840130805969,
            "min": 0.477111279964447,
            "max": 0.8979661464691162,
            "count": 1770
        },
        "SpaceY.Environment.EpisodeLength.mean": {
            "value": 111.75280898876404,
            "min": 82.58181818181818,
            "max": 353.80645161290323,
            "count": 1770
        },
        "SpaceY.Policy.ExtrinsicValueEstimate.mean": {
            "value": 0.4813928008079529,
            "min": -0.6341528296470642,
            "max": 0.7129809856414795,
            "count": 1770
        },
        "SpaceY.Environment.CumulativeReward.mean": {
            "value": 0.8350022373239646,
            "min": -0.006468184969641946,
            "max": 0.8857311773043807,
            "count": 1770
        },
        "SpaceY.Policy.ExtrinsicReward.mean": {
            "value": 0.8350022373239646,
            "min": -0.006468184969641946,
            "max": 0.8857311773043807,
            "count": 1770
        },
        "SpaceY.IsTraining.mean": {
            "value": 1.0,
            "min": 1.0,
            "max": 1.0,
            "count": 1770
        },
        "SpaceY.Losses.ValueLoss.mean": {
            "value": 0.014573165215551853,
            "min": 0.009222263470292091,
            "max": 8.15052318572998,
            "count": 862
        },
        "SpaceY.Losses.PolicyLoss.mean": {
            "value": 0.016709977760910988,
            "min": 0.009377063252031803,
            "max": 0.02594955638051033,
            "count": 862
        },
        "SpaceY.Policy.LearningRate.mean": {
            "value": 8.200582669815049e-05,
            "min": 8.200582669815049e-05,
            "max": 0.00019986329425591975,
            "count": 862
        },
        "SpaceY.Policy.Epsilon.mean": {
            "value": 0.12733526527881622,
            "min": 0.12733526527881622,
            "max": 0.1666211187839508,
            "count": 862
        },
        "SpaceY.Policy.Beta.mean": {
            "value": 0.0013740290887653828,
            "min": 0.0013740290887653828,
            "max": 0.0033343930263072252,
            "count": 862
        }
    },
    "metadata": {
        "timer_format_version": "0.1.0",
        "start_time_seconds": "1596833303",
        "python_version": "3.7.7 (default, May  6 2020, 11:45:54) [MSC v.1916 64 bit (AMD64)]",
        "command_line_arguments": "C:\\Users\\mike\\anaconda3\\envs\\ml-agents-1.0.3\\Scripts\\mlagents-learn .\\trainer_config_04.yaml --run-id space-y_04 --train --resume",
        "mlagents_version": "0.18.0",
        "mlagents_envs_version": "0.18.0",
        "communication_protocol_version": "1.0.0",
        "tensorflow_version": "2.2.0",
        "end_time_seconds": "1596882055"
    },
    "total": 48751.8520364,
    "count": 1,
    "self": 0.056031200001598336,
    "children": {
        "run_training.setup": {
            "total": 0.01745030000000014,
            "count": 1,
            "self": 0.01745030000000014
        },
        "TrainerController.start_learning": {
            "total": 48751.7785549,
            "count": 1,
            "self": 1462.6663763969555,
            "children": {
                "TrainerController._reset_env": {
                    "total": 12.581172699999998,
                    "count": 1,
                    "self": 12.581172699999998
                },
                "TrainerController.advance": {
                    "total": 47276.30850760305,
                    "count": 4545067,
                    "self": 68.71603739981947,
                    "children": {
                        "env_step": {
                            "total": 47207.59247020323,
                            "count": 4545067,
                            "self": 42838.578174203016,
                            "children": {
                                "SubprocessEnvManager._take_step": {
                                    "total": 4302.595854702437,
                                    "count": 4545067,
                                    "self": 145.96623180632832,
                                    "children": {
                                        "NNPolicy.evaluate": {
                                            "total": 4156.629622896108,
                                            "count": 4425749,
                                            "self": 4156.629622896108
                                        }
                                    }
                                },
                                "workers": {
                                    "total": 66.41844129777829,
                                    "count": 4545066,
                                    "self": 0.0,
                                    "children": {
                                        "worker_root": {
                                            "total": 48611.224826700534,
                                            "count": 4545066,
                                            "is_parallel": true,
                                            "self": 11901.321235201242,
                                            "children": {
                                                "steps_from_proto": {
                                                    "total": 0.0010027000000008002,
                                                    "count": 1,
                                                    "is_parallel": true,
                                                    "self": 0.00024770000000096104,
                                                    "children": {
                                                        "_process_vector_observation": {
                                                            "total": 0.0007549999999998391,
                                                            "count": 4,
                                                            "is_parallel": true,
                                                            "self": 0.0007549999999998391
                                                        }
                                                    }
                                                },
                                                "UnityEnvironment.step": {
                                                    "total": 36709.90258879929,
                                                    "count": 4545066,
                                                    "is_parallel": true,
                                                    "self": 606.6714164933073,
                                                    "children": {
                                                        "UnityEnvironment._generate_step_input": {
                                                            "total": 440.3782325037563,
                                                            "count": 4545066,
                                                            "is_parallel": true,
                                                            "self": 440.3782325037563
                                                        },
                                                        "communicator.exchange": {
                                                            "total": 33102.94314400316,
                                                            "count": 4545066,
                                                            "is_parallel": true,
                                                            "self": 33102.94314400316
                                                        },
                                                        "steps_from_proto": {
                                                            "total": 2559.9097957990675,
                                                            "count": 4545066,
                                                            "is_parallel": true,