{
    "name": "root",
    "gauges": {
        "SpaceY.Policy.Entropy.mean": {
            "value": 0.8220173120498657,
            "min": 0.7475302815437317,
            "max": 0.9595808386802673,
            "count": 314
        },
        "SpaceY.Environment.EpisodeLength.mean": {
            "value": 95.26470588235294,
            "min": 80.6697247706422,
            "max": 180.66666666666666,
            "count": 314
        },
        "SpaceY.Policy.ExtrinsicValueEstimate.mean": {
            "value": 0.35887086391448975,
            "min": 0.17134174704551697,
            "max": 0.4599219262599945,
            "count": 314
        },
        "SpaceY.Environment.CumulativeReward.mean": {
            "value": 0.46730000218924356,
            "min": 0.07744476488277094,
            "max": 0.7835142857262066,
            "count": 314
        },
        "SpaceY.Policy.ExtrinsicReward.mean": {
            "value": 0.46730000218924356,
            "min": 0.07744476488277094,
            "max": 0.7835142857262066,
            "count": 314
        },
        "SpaceY.IsTraining.mean": {
            "value": 1.0,
            "min": 1.0,
            "max": 1.0,
            "count": 314
        },
        "SpaceY.Losses.ValueLoss.mean": {
            "value": 0.03348265215754509,
            "min": 0.027048224583268166,
            "max": 0.04615030437707901,
            "count": 152
        },
        "SpaceY.Losses.PolicyLoss.mean": {
            "value": 0.018068628385663033,
            "min": 0.011301380582153797,
            "max": 0.023490048944950104,
            "count": 152
        },
        "SpaceY.Policy.LearningRate.mean": {
            "value": 5.306586103870359e-07,
            "min": 5.306586103870359e-07,
            "max": 9.35273856157437e-05,
            "count": 152
        },
        "SpaceY.Policy.Epsilon.mean": {
            "value": 0.1001768410205841,
            "min": 0.1001768410205841,
            "max": 0.13117577135562897,
            "count": 152
        },
        "SpaceY.Policy.Beta.mean": {
            "value": 1.8824959624907933e-05,
            "min": 1.8824959624907933e-05,
            "max": 0.0015656710602343082,
            "count": 152
        }
    },
    "metadata": {
        "timer_format_version": "0.1.0",
        "start_time_seconds": "1596801904",
        "python_version": "3.7.7 (default, May  6 2020, 11:45:54) [MSC v.1916 64 bit (AMD64)]",
        "command_line_arguments": "C:\\Users\\mike\\anaconda3\\envs\\ml-agents-1.0.3\\Scripts\\mlagents-learn .\\trainer_config_02.yaml --run-id space-y_02 --train --resume",
        "mlagents_version": "0.18.0",
        "mlagents_envs_version": "0.18.0",
        "communication_protocol_version": "1.0.0",
        "tensorflow_version": "2.2.0",
        "end_time_seconds": "1596810673"
    },
    "total": 8769.5904925,
    "count": 1,
    "self": 0.3764140999992378,
    "children": {
        "run_training.setup": {
            "total": 0.010179799999999517,
            "count": 1,
            "self": 0.010179799999999517
        },
        "TrainerController.start_learning": {
            "total": 8769.2038986,
            "count": 1,
            "self": 251.6717921001782,
            "children": {
                "TrainerController._reset_env": {
                    "total": 12.127546099999998,
                    "count": 1,
                    "self": 12.127546099999998
                },
                "TrainerController.advance": {
                    "total": 8505.191564999821,
                    "count": 807090,
                    "self": 12.046176599560567,
                    "children": {
                        "env_step": {
                            "total": 8493.14538840026,
                            "count": 807090,
                            "self": 7750.415036499768,
                            "children": {
                                "SubprocessEnvManager._take_step": {
                                    "total": 730.844064899883,
                                    "count": 807090,
                                    "self": 25.287272599766084,
                                    "children": {
                                        "NNPolicy.evaluate": {
                                            "total": 705.556792300117,
                                            "count": 784589,
                                            "self": 705.556792300117
                                        }
                                    }
                                },
                                "workers": {
                                    "total": 11.886287000609425,
                                    "count": 807090,
                                    "self": 0.0,
                                    "children": {
                                        "worker_root": {
                                            "total": 8734.822350099581,
                                            "count": 807090,
                                            "is_parallel": true,
                                            "self": 2062.4316094997193,
                                            "children": {
                                                "steps_from_proto": {
                                                    "total": 0.0008208000000013982,
                                                    "count": 1,
                                                    "is_parallel": true,
                                                    "self": 0.0002705000000027269,
                                                    "children": {
                                                        "_process_vector_observation": {
                                                            "total": 0.0005502999999986713,
                                                            "count": 4,
                                                            "is_parallel": true,
                                                            "self": 0.0005502999999986713
                                                        }
                                                    }
                                                },
                                                "UnityEnvironment.step": {
                                                    "total": 6672.389919799862,
                                                    "count": 807090,
                                                    "is_parallel": true,
                                                    "self": 106.81152329950692,
                                                    "children": {
                                                        "UnityEnvironment._generate_step_input": {
                                                            "total": 80.10317420027059,
                                                            "count": 807090,
                                                            "is_parallel": true,
                                                            "self": 80.10317420027059
                                                        },
                                                        "communicator.exchange": {
                                                            "total": 6036.510719000219,
                                                            "count": 807090,
                                                            "is_parallel": true,
                                                            "self": 6036.510719000219
                                                        },
                                                        "steps_from_proto": {
                                                            "total": 448.9645032998649,
                                                            "count": 807090,
                                                            "is_parallel": true,