{
    "name": "root",
    "gauges": {
        "SpaceY.Policy.Entropy.mean": {
            "value": 0.5185588598251343,
            "min": 0.4614940881729126,
            "max": 1.0759809017181396,
            "count": 2934
        },
        "SpaceY.Environment.EpisodeLength.mean": {
            "value": 117.98780487804878,
            "min": 110.5111111111111,
            "max": 241.90697674418604,
            "count": 2934
        },
        "SpaceY.Policy.ExtrinsicValueEstimate.mean": {
            "value": 0.4904022514820099,
            "min": 0.09837404638528824,
            "max": 0.6211009621620178,
            "count": 2934
        },
        "SpaceY.Environment.CumulativeReward.mean": {
            "value": 0.7776682842068556,
            "min": -0.11929756730068021,
            "max": 0.8791907938389942,
            "count": 2934
        },
        "SpaceY.Policy.ExtrinsicReward.mean": {
            "value": 0.7776682842068556,
            "min": -0.11929756730068021,
            "max": 0.8791907938389942,
            "count": 2934
        },
        "SpaceY.IsTraining.mean": {
            "value": 1.0,
            "min": 1.0,
            "max": 1.0,
            "count": 2934
        },
        "SpaceY.Losses.ValueLoss.mean": {
            "value": 0.01581350713968277,
            "min": 0.0031034471467137337,
            "max": 0.029366616159677505,
            "count": 1428
        },
        "SpaceY.Losses.PolicyLoss.mean": {
            "value": 0.01605626381933689,
            "min": 0.00962892360985279,
            "max": 0.025210393592715263,
            "count": 1428
        },
        "SpaceY.Policy.LearningRate.mean": {
            "value": 8.612826059106737e-05,
            "min": 8.612826059106737e-05,
            "max": 0.00015647280088160187,
            "count": 1428
        },
        "SpaceY.Policy.Epsilon.mean": {
            "value": 0.12870937585830688,
            "min": 0.12870937585830688,
            "max": 0.15215758979320526,
            "count": 1428
        },
        "SpaceY.Policy.Beta.mean": {
            "value": 0.0014425988774746656,
            "min": 0.0014425988774746656,
            "max": 0.0026126632001250982,
            "count": 1428
        }
    },
    "metadata": {
        "timer_format_version": "0.1.0",
        "start_time_seconds": "1597006238",
        "python_version": "3.7.7 (default, May  6 2020, 11:45:54) [MSC v.1916 64 bit (AMD64)]",
        "command_line_arguments": "C:\\Users\\mike\\anaconda3\\envs\\ml-agents-1.0.3\\Scripts\\mlagents-learn .\\trainer_config_06.yaml --run-id space-y_06 --train --resume",
        "mlagents_version": "0.18.0",
        "mlagents_envs_version": "0.18.0",
        "communication_protocol_version": "1.0.0",
        "tensorflow_version": "2.2.0",
        "end_time_seconds": "1597055935"
    },
    "total": 49696.8238223,
    "count": 1,
    "self": 0.00563010000041686,
    "children": {
        "run_training.setup": {
            "total": 0.010069899999999965,
            "count": 1,
            "self": 0.010069899999999965
        },
        "TrainerController.start_learning": {
            "total": 49696.8081223,
            "count": 1,
            "self": 1410.6865310981084,
            "children": {
                "TrainerController._reset_env": {
                    "total": 11.6158167,
                    "count": 1,
                    "self": 11.6158167
                },
                "TrainerController.advance": {
                    "total": 48274.26753590188,
                    "count": 3835870,
                    "self": 55.59685820181767,
                    "children": {
                        "env_step": {
                            "total": 48218.670677700065,
                            "count": 3835870,
                            "self": 44377.01045790963,
                            "children": {
                                "SubprocessEnvManager._take_step": {
                                    "total": 3784.5016041917006,
                                    "count": 3835870,
                                    "self": 125.38777459538687,
                                    "children": {
                                        "NNPolicy.evaluate": {
                                            "total": 3659.1138295963137,
                                            "count": 3668037,
                                            "self": 3659.1138295963137
                                        }
                                    }
                                },
                                "workers": {
                                    "total": 57.15861559873329,
                                    "count": 3835869,
                                    "self": 0.0,
                                    "children": {
                                        "worker_root": {
                                            "total": 49580.26987280046,
                                            "count": 3835869,
                                            "is_parallel": true,
                                            "self": 11421.60791810276,
                                            "children": {
                                                "steps_from_proto": {
                                                    "total": 0.0009847999999994528,
                                                    "count": 1,
                                                    "is_parallel": true,
                                                    "self": 0.0002385999999994226,
                                                    "children": {
                                                        "_process_vector_observation": {
                                                            "total": 0.0007462000000000302,
                                                            "count": 4,
                                                            "is_parallel": true,
                                                            "self": 0.0007462000000000302
                                                        }
                                                    }
                                                },
                                                "UnityEnvironment.step": {
                                                    "total": 38158.660969897704,
                                                    "count": 3835869,
                                                    "is_parallel": true,
                                                    "self": 646.407909691894,
                                                    "children": {
                                                        "UnityEnvironment._generate_step_input": {
                                                            "total": 516.6548240025854,
                                                            "count": 3835869,
                                                            "is_parallel": true,
                                                            "self": 516.6548240025854
                                                        },
                                                        "communicator.exchange": {
                                                            "total": 34089.822779403265,
                                                            "count": 3835869,
                                                            "is_parallel": true,
                                                            "self": 34089.822779403265
                                                        },
                                                        "steps_from_proto": {
                                                            "total": 2905.7754567999546,
                                                            "count": 3835869,
                                                            "is_parallel": true,