{
    "name": "root",
    "gauges": {
        "SpaceY.Policy.Entropy.mean": {
            "value": 0.7296069264411926,
            "min": 0.7020111083984375,
            "max": 0.939345121383667,
            "count": 500
        },
        "SpaceY.Environment.EpisodeLength.mean": {
            "value": 108.30337078651685,
            "min": 95.63106796116504,
            "max": 197.98214285714286,
            "count": 500
        },
        "SpaceY.Policy.ExtrinsicValueEstimate.mean": {
            "value": 0.3596135973930359,
            "min": 0.13676969707012177,
            "max": 0.4469611346721649,
            "count": 500
        },
        "SpaceY.Environment.CumulativeReward.mean": {
            "value": 0.4692725229721803,
            "min": 0.17131249094381928,
            "max": 0.7924516112093003,
            "count": 500
        },
        "SpaceY.Policy.ExtrinsicReward.mean": {
            "value": 0.4692725229721803,
            "min": 0.17131249094381928,
            "max": 0.7924516112093003,
            "count": 500
        },
        "SpaceY.IsTraining.mean": {
            "value": 1.0,
            "min": 1.0,
            "max": 1.0,
            "count": 500
        },
        "SpaceY.Losses.ValueLoss.mean": {
            "value": 0.03148017078638077,
            "min": 0.01720760576426983,
            "max": 0.9816246628761292,
            "count": 243
        },
        "SpaceY.Losses.PolicyLoss.mean": {
            "value": 0.02074655331671238,
            "min": 0.009314815513789654,
            "max": 0.022377200424671173,
            "count": 243
        },
        "SpaceY.Policy.LearningRate.mean": {
            "value": 2.0051457738645695e-07,
            "min": 2.0051457738645695e-07,
            "max": 9.958904411178082e-05,
            "count": 243
        },
        "SpaceY.Policy.Epsilon.mean": {
            "value": 0.10006681829690933,
            "min": 0.10006681829690933,
            "max": 0.13319632411003113,
            "count": 243
        },
        "SpaceY.Policy.Beta.mean": {
            "value": 1.3333565220818855e-05,
            "min": 1.3333565220818855e-05,
            "max": 0.0016664963914081454,
            "count": 243
        }
    },
    "metadata": {
        "timer_format_version": "0.1.0",
        "start_time_seconds": "1596813239",
        "python_version": "3.7.7 (default, May  6 2020, 11:45:54) [MSC v.1916 64 bit (AMD64)]",
        "command_line_arguments": "C:\\Users\\mike\\anaconda3\\envs\\ml-agents-1.0.3\\Scripts\\mlagents-learn .\\trainer_config_03.yaml --run-id space-y_03 --train --resume",
        "mlagents_version": "0.18.0",
        "mlagents_envs_version": "0.18.0",
        "communication_protocol_version": "1.0.0",
        "tensorflow_version": "2.2.0",
        "end_time_seconds": "1596827065"
    },
    "total": 13826.0782968,
    "count": 1,
    "self": 0.3809425999988889,
    "children": {
        "run_training.setup": {
            "total": 0.010425699999998983,
            "count": 1,
            "self": 0.010425699999998983
        },
        "TrainerController.start_learning": {
            "total": 13825.686928500001,
            "count": 1,
            "self": 409.8569773996842,
            "children": {
                "TrainerController._reset_env": {
                    "total": 11.175511200000003,
                    "count": 1,
                    "self": 11.175511200000003
                },
                "TrainerController.advance": {
                    "total": 13404.475354700317,
                    "count": 1281303,
                    "self": 19.78830360014581,
                    "children": {
                        "env_step": {
                            "total": 13384.68705110017,
                            "count": 1281303,
                            "self": 12140.240277498684,
                            "children": {
                                "SubprocessEnvManager._take_step": {
                                    "total": 1225.808442900405,
                                    "count": 1281303,
                                    "self": 41.24720530008835,
                                    "children": {
                                        "NNPolicy.evaluate": {
                                            "total": 1184.5612376003166,
                                            "count": 1250035,
                                            "self": 1184.5612376003166
                                        }
                                    }
                                },
                                "workers": {
                                    "total": 18.63833070108094,
                                    "count": 1281303,
                                    "self": 0.0,
                                    "children": {
                                        "worker_root": {
                                            "total": 13778.654966800103,
                                            "count": 1281303,
                                            "is_parallel": true,
                                            "self": 3341.895621000225,
                                            "children": {
                                                "steps_from_proto": {
                                                    "total": 0.0006926000000007093,
                                                    "count": 1,
                                                    "is_parallel": true,
                                                    "self": 0.0002221000000002249,
                                                    "children": {
                                                        "_process_vector_observation": {
                                                            "total": 0.0004705000000004844,
                                                            "count": 4,
                                                            "is_parallel": true,
                                                            "self": 0.0004705000000004844
                                                        }
                                                    }
                                                },
                                                "UnityEnvironment.step": {
                                                    "total": 10436.758653199877,
                                                    "count": 1281303,
                                                    "is_parallel": true,
                                                    "self": 171.44905210060642,
                                                    "children": {
                                                        "UnityEnvironment._generate_step_input": {
                                                            "total": 123.32148119919395,
                                                            "count": 1281303,
                                                            "is_parallel": true,
                                                            "self": 123.32148119919395
                                                        },
                                                        "communicator.exchange": {
                                                            "total": 9419.326904699905,
                                                            "count": 1281303,
                                                            "is_parallel": true,
                                                            "self": 9419.326904699905
                                                        },
                                                        "steps_from_proto": {
                                                            "total": 722.6612152001713,
                                                            "count": 1281303,
                                                            "is_parallel": true,